S.No.,"Particle mean size
  d50 (mm)","Pile Diameter
 D (m)","Time Period of wave
 T (s)","Height of wave
    H(m)","Current Velocity
    Uc(m/s)","Maximum wave 
orbital velocity 
 Uwm (m/s)","Maximum shear velocity
 Ufm (m/s)","Maximum value of 
combined waves and current velocity
         Um(m/s)","Velocity Ratio
         Ucw","Keulegan–Carpenter 
              number
                   KC","Pile Reynolds                  number
           Re","Froude 
number
       Fr","Shield number
            ᶿ",S/D,Reference ,
1,0.18,0.05,1.19,0.16,0,0.21,0.033,0.21,0,4.9,10000,0.2970,0.37,0,"SCOUR AROUND VERTICAL PILE IN WAVES 
By B. Mutlu Sumer, j0rgen Freds0e, and Niels Christiansen (1992)",
2,0.18,0.05,1.22,0.16,0,0.22,0.023,0.22,0,5.4,11000,0.3198,0.18,0,,
3,0.18,0.05,2.50,0.16,0,0.11,0.013,0.11,0,5.7,5700,0.1628,0.06,0,,
4,0.18,0.05,1.37,0.16,0,0.23,0.022,0.23,0,6.4,12000,0.3327,0.17,0.12,,
5,0.18,0.03,1.19,0.16,0,0.21,0.022,0.21,0,8.2,6200,0.3834,0.16,0.06,,
6,0.18,0.05,1.47,0.16,0,0.31,0.025,0.31,0,9.1,15000,0.4383,0.22,0.22,,
7,0.18,0.05,2.33,0.16,0,0.19,0.018,0.19,0,9,9700,0.2756,0.11,0.15,,
8,0.18,0.03,1.22,0.16,0,0.22,0.023,0.22,0,9.1,6700,0.4129,0.18,0.17,,
9,0.18,0.03,2.50,0.16,0,0.11,0.013,0.11,0,9.2,3400,0.2065,0.06,0.08,,
10,0.18,0.03,1.37,0.16,0,0.23,0.022,0.23,0,10.6,7000,0.4295,0.17,0.2,,
11,0.18,0.05,2.70,0.16,0,0.24,0.019,0.24,0,12.9,12000,0.3384,0.12,0.3,,
12,0.18,0.05,2.00,0.16,0,0.34,0.024,0.34,0,13.6,17000,0.4840,0.2,0.3,,
13,0.18,0.03,2.33,0.16,0,0.19,0.018,0.19,0,15,5800,0.3558,0.11,0.37,,
14,0.18,0.03,1.47,0.16,0,0.31,0.025,0.31,0,15.1,9200,0.5659,0.22,0.55,,
15,0.18,0.03,3.13,0.16,0,0.18,0.016,0.18,0,19.1,5500,0.3373,0.09,0.25,,
16,0.18,0.03,2.00,0.16,0,0.30,0.023,0.30,0,20.2,9100,0.5604,0.19,0.75,,
17,0.18,0.05,2.70,0.16,0,0.38,0.024,0.38,0,20.4,19000,0.5397,0.2,0.43,,
18,0.18,0.03,2.70,0.16,0,0.24,0.019,0.24,0,21.4,7100,0.4369,0.12,0.42,,
19,0.18,0.02,2.33,0.16,0,0.19,0.018,0.19,0,22.4,3900,0.4357,0.11,0.43,,
20,0.18,0.02,2.94,0.16,0,0.22,0.018,0.22,0,32.3,4400,0.5012,0.11,0.58,,
21,0.18,0.03,3.57,0.16,0,0.27,0.019,0.27,0,32.3,8000,0.4940,0.12,0.42,,
22,0.18,0.03,2.70,0.16,0,0.38,0.024,0.38,0,34,11000,0.6968,0.2,0.67,,
23,0.18,0.02,2.70,0.16,0,0.38,0.024,0.38,0,51,7600,0.8534,0.2,0.8,,
24,0.18,0.01,2.70,0.16,0,0.38,0.024,0.38,0,102,3800,1.2069,0.2,1.1,,
25,0.58,0.05,1.22,0.16,0,0.22,0.023,0.22,0,5.4,11000,0.3198,0.05,0,,
26,0.58,0.05,1.37,0.16,0,0.23,0.022,0.23,0,6.4,12000,0.3327,0.05,0,,
27,0.58,0.05,1.82,0.16,0,0.20,0.019,0.20,0,7.2,10000,0.2841,0.04,0,,
28,0.58,0.03,1.22,0.16,0,0.22,0.023,0.22,0,9.1,70000,0.4129,0.05,0.05,,
29,0.58,0.03,1.37,0.16,0,0.23,0.022,0.23,0,10.6,70000,0.4295,0.05,0.04,,
30,0.58,0.03,1.82,0.16,0,0.20,0.019,0.20,0,12.1,60000,0.3668,0.04,0.12,,
31,0.58,0.05,2.70,0.16,0,0.24,0.019,0.24,0,12.9,12000,0.3384,0.04,0.18,,
32,0.58,0.05,2.00,0.16,0,0.34,0.024,0.34,0,13.6,17000,0.4840,0.06,0.2,,
33,0.58,0.02,1.82,0.16,0,0.20,0.019,0.20,0,18.1,4000,0.4493,0.04,0.5,,
34,0.58,0.03,2.70,0.16,0,0.24,0.019,0.24,0,21.4,7100,0.4369,0.04,0.57,,
35,0.58,0.02,2.33,0.16,0,0.19,0.018,0.19,0,22.4,3900,0.4357,0.04,0.72,,
36,0.58,0.03,2.00,0.16,0,0.34,0.024,0.34,0,22.6,10000,0.6249,0.06,0.52,,
37,0.58,0.02,2.70,0.16,0,0.24,0.019,0.24,0,32.1,4700,0.5351,0.04,0.54,,
38,0.18,0.1,1.89,0.16,0,0.23,0.02,0.23,0,4.4,23000,0.2332,0.14,0,,
39,0.18,0.2,4.55,0.16,0,0.30,0.018,0.30,0,6.7,60000,0.2149,0.11,0.032,,
40,0.18,0.2,4.55,0.16,0,0.33,0.019,0.33,0,7.3,65000,0.2327,0.13,0.055,,
41,0.18,0.1,3.03,0.16,0,0.25,0.018,0.25,0,7.6,25000,0.2544,0.11,0.12,,
42,0.18,0.2,4.55,0.16,0,0.39,0.02,0.39,0,8.8,78000,0.2791,0.14,0.057,,
43,0.18,0.2,4.55,0.16,0,0.47,0.023,0.47,0,10.5,94000,0.3348,0.19,0.085,,
44,0.18,0.2,4.55,0.16,0,0.53,0.025,0.53,0,12,110000,0.3805,0.22,0.11,,
45,0.18,0.1,4.55,0.16,0,0.30,0.018,0.30,0,13.4,30000,0.3039,0.11,0.15,,
46,0.18,0.1,4.55,0.16,0,0.33,0.019,0.33,0,14.6,33000,0.3291,0.13,0.22,,
47,0.18,0.1,4.55,0.16,0,0.39,0.02,0.39,0,17.6,39000,0.3948,0.14,0.25,,
48,0.18,0.1,4.55,0.16,0,0.47,0.023,0.47,0,21,47000,0.4735,0.19,0.24,,
49,0.18,0.1,4.55,0.16,0,0.53,0.025,0.53,0,24,53000,0.5381,0.22,0.31,,
50,0.36,0.11,303.03,0.16,0,0.47,0.024,0.47,0,1285,52000,0.4534,0.1,0.92,,
51,0.36,0.05,303.03,0.16,0,0.47,0.024,0.47,0,2826,24000,0.6725,0.1,1.56,,
52,0.36,0.05,588.24,0.16,0,0.47,0.024,0.47,0,5626,24000,0.6725,0.1,1.2,,
53,0.36,0.05,infinity,0.16,0,0.47,0.025,0.47,0,infinity,24000,0.6725,0.1,1.3,,
54,0.38,0.2,1.4,0.00,0.15,0,0.0070,0.15,1,0,22100,0.107,0.008,0,"Physical modeling of local scour developent around a large-diameter monopile in combined waves and current 
Wen-GangQi, Fu-Ping Gao (2014)",
55,0.38,0.2,1.4,0.04,0.15,0.068,0.0148,0.218,0.69,0.48,32100,0.138,0.036,0.025,,
56,0.38,0.2,1.4,0.10,0.15,0.137,0.0213,0.287,0.52,0.96,42200,0.169,0.075,0.075,,
57,0.38,0.2,1.4,0.15,0.15,0.201,0.0276,0.351,0.43,1.41,51600,0.199,0.125,0.11,,
58,0.38,0.2,1.4,0.00,0.23,0,0.0110,0.23,1,0,33800,0.164,0.02,0.2,,
59,0.38,0.2,1.4,0.03,0.23,0.063,0.0148,0.293,0.78,0.44,43100,0.193,0.036,0.27,,
60,0.38,0.2,1.4,0.05,0.23,0.107,0.0181,0.337,0.68,0.75,49600,0.213,0.054,0.34,,
61,0.38,0.2,1.4,0.09,0.23,0.156,0.0218,0.386,0.6,1.09,56800,0.235,0.078,0.44,,
62,0.38,0.08,1.4,0.00,0.23,0,0.0113,0.23,1,0,13500,0.26,0.021,0.39,,
63,0.38,0.08,1.4,0.03,0.23,0.073,0.0165,0.303,0.76,1.28,17800,0.312,0.045,0.65,,
64,0.38,0.08,1.4,0.07,0.23,0.126,0.0206,0.356,0.65,2.21,20900,0.35,0.07,0.84,,
65,0.38,0.08,1.4,0.10,0.23,0.173,0.0251,0.403,0.57,3.03,23700,0.384,0.104,1,,
66,0.38,0.08,1.4,0.00,0.34,0,0.0173,0.34,1,0,20000,0.384,0.049,1.15,,
67,0.38,0.08,1.4,0.10,0.34,0.157,0.0275,0.497,0.68,2.75,29200,0.497,0.124,1.26,,
68,0.38,0.2,1.4,0.00,0.34,0,0.0173,0.34,1,0,50000,0.243,0.049,0.62,,
69,0.38,0.2,1.4,0.06,0.34,0.104,0.0213,0.444,0.77,0.73,65300,0.29,0.075,0.67,,
70,0.38,0.2,1.4,0.09,0.34,0.14,0.0251,0.48,0.71,0.98,70600,0.307,0.104,0.65,,
71,0.38,0.08,1.8,0.11,0.2,0.117,0.0200,0.317,0.63,2.63,18600,0.31,0.066,0.73,,
72,0.38,0.08,1.8,0.11,0.22,0.129,0.0216,0.349,0.63,2.9,20500,0.341,0.077,0.7,,
73,0.38,0.08,1.8,0.06,0.26,0.087,0.0199,0.347,0.75,1.96,20400,0.356,0.065,1,,
74,0.38,0.08,2,0.08,0.107,0.09,0.0154,0.197,0.54,2.25,11600,0.186,0.039,0.33,,
75,0.38,0.08,1.4,0.15,0.2,0.136,0.0229,0.336,0.6,2.38,19800,0.324,0.086,0.76,,
76,0.38,0.08,1.4,0.14,0.23,0.141,0.0220,0.371,0.62,2.47,21200,0.361,0.08,0.78,,
77,0.38,0.08,1.8,0.14,0.18,0.162,0.0235,0.342,0.53,3.65,20100,0.32,0.091,0.73,,
78,0.38,0.08,1.8,0.08,0.27,0.122,0.0226,0.396,0.69,2.75,23300,0.397,0.084,1.03,,
79,0.38,0.08,2,0.10,0.11,0.144,0.0196,0.253,0.43,3.6,14900,0.227,0.063,0.25,,
80,0.38,0.08,2,0.09,0.21,0.111,0.0196,0.321,0.65,2.78,18900,0.317,0.063,0.75,,
81,0.38,0.2,1.4,0.13,0.22,0.14,0.0186,0.36,0.61,0.98,19100,0.221,0.057,0.29,,
82,0.18,0.01,2.7,0.16,0,0.351,0.0195,0.351,0,94.8,3510,1.121,0.131,1.20,"Scour at Vertical Piles in Sand-Clay Mixtures under Waves
Subhasish Dey; Anders Helkjær; B. Mutlu Sumer; and Jørgen Fredsøe(2011)",
83,0.18,0.02,2.7,0.16,0,0.351,0.0195,0.351,0,47.4,7020,0.792,0.131,1.00,,
84,0.18,0.04,2.7,0.16,0,0.351,0.0195,0.351,0,23.7,14040,0.560,0.131,0.55,,
85,0.18,0.075,2.7,0.16,0,0.351,0.0195,0.351,0,12.6,26325,0.409,0.131,0.31,,
86,0.18,0.03,                                   ∞,0.16,0,0.405,0.0189,0.405,0,Steady current,12150,0.747,0.123,1.37,,
87,0.18,0.01,2.7,0.16,0,0.351,0.0195,0.351,0,94.8,3510,1.121,0.131,1.00,,
88,0.18,0.02,2.7,0.16,0,0.351,0.0195,0.351,0,47.4,7020,0.792,0.131,0.70,,
89,0.18,0.04,2.7,0.16,0,0.351,0.0195,0.351,0,23.7,14040,0.560,0.131,0.38,,
90,0.18,0.075,2.7,0.16,0,0.351,0.0195,0.351,0,12.6,26325,0.409,0.131,0.19,,
91,0.18,0.03,                                   ∞,0.16,0,0.405,0.0189,0.405,0,Steady current,12150,0.747,0.123,1.13,,
92,0.18,0.01,2.7,0.16,0,0.351,0.0195,0.351,0,94.8,3510,1.121,0.131,0.70,,
93,0.18,0.02,2.7,0.16,0,0.351,0.0195,0.351,0,47.4,7020,0.792,0.131,0.45,,
94,0.18,0.04,2.7,0.16,0,0.351,0.0195,0.351,0,23.7,14040,0.560,0.131,0.28,,
95,0.18,0.075,2.7,0.16,0,0.351,0.0195,0.351,0,12.6,26325,0.409,0.131,0.09,,
96,0.18,0.03,                                   ∞,0.16,0,0.405,0.0189,0.405,0,Steady current,12150,0.747,0.123,0.70,,
97,0.18,0.01,2.7,0.16,0,0.351,0.0195,0.351,0,94.8,3510,1.121,0.131,0.50,,
98,0.18,0.02,2.7,0.16,0,0.351,0.0195,0.351,0,47.4,7020,0.792,0.131,0.30,,
99,0.18,0.04,2.7,0.16,0,0.351,0.0195,0.351,0,23.7,14040,0.560,0.131,0.18,,
100,0.18,0.075,2.7,0.16,0,0.351,0.0195,0.351,0,12.6,26325,0.409,0.131,0.05,,
101,0.18,0.03,                                   ∞,0.16,0,0.405,0.0189,0.405,0,Steady current,12150,0.747,0.123,0.50,,
102,0.18,0.01,2.7,0.16,0,0.351,0.0195,0.351,0,94.8,3510,1.121,0.131,0.30,,
103,0.18,0.02,2.7,0.16,0,0.351,0.0195,0.351,0,47.4,7020,0.792,0.131,0.20,,
104,0.18,0.04,2.7,0.16,0,0.351,0.0195,0.351,0,23.7,14040,0.560,0.131,0.13,,
105,0.18,0.075,2.7,0.16,0,0.351,0.0195,0.351,0,12.6,26325,0.409,0.131,0.07,,
106,0.18,0.03,                                   ∞,0.16,0,0.405,0.0189,0.405,0,Steady current,12150,0.747,0.123,0.40,,
107,0.0041,0.01,2.7,0.16,0,0.34,0.0189,0.34,0,91.8,3400,1.086,4.67,0.20,,
108,0.0041,0.02,2.7,0.16,0,0.34,0.0189,0.34,0,45.9,6800,0.768,4.67,0.25,,
109,0.0041,0.025,2.7,0.16,0,0.34,0.0189,0.34,0,36.7,8500,0.687,4.67,0.16,,
110,0.0041,0.03,2.7,0.16,0,0.34,0.0189,0.34,0,30.6,10200,0.627,4.67,0.10,,
111,0.0041,0.035,2.7,0.16,0,0.34,0.0189,0.34,0,26.2,11900,0.580,4.67,0.11,,
112,0.0041,0.04,2.7,0.16,0,0.34,0.0189,0.34,0,23,13600,0.543,4.67,0.08,,
113,0.0041,0.05,2.7,0.16,0,0.34,0.0189,0.34,0,18.4,17000,0.485,4.67,0.15,,
114,0.0041,0.075,2.7,0.16,0,0.34,0.0189,0.34,0,12.2,25500,0.396,4.67,0.03,,
115,0.0041,0.03,                                   ∞,0.16,0,0.42,0.0189,0.42,0,Steady current,12600,0.774,4.67,0.33,,
116,0.2,1,3.5,12,0,0.3,0.0201,0.3,0,1.1,300000,0.096,0.125,0.038,"WAVE SCOUR AROUND A LARGE VERTICAL CIRCULAR CYLINDER
By B. M. Sumer and J. Fredsøe (2001)",
117,0.2,1,3.5,8.6,0,0.218,0.0169,0.218,0,0.76,220000,0.070,0.088,0.029,,
118,0.2,1,3.5,4.9,0,0.124,0.013,0.124,0,0.43,120000,0.040,0.052,0.01,,
119,0.2,1,2,8.2,0,0.218,0.0195,0.218,0,0.43,220000,0.070,0.117,0.025,,
120,0.2,1,3.5,2.5,0,0.084,0.0106,0.084,0,0.3,80000,0.027,0.035,0.006,,
121,0.2,1,3.5,5.7,0,0.156,0.0144,0.156,0,0.55,160000,0.050,0.064,0.02,,
122,0.2,1,3.5,6.4,0,0.174,0.0151,0.174,0,0.61,170000,0.056,0.07,0.024,,
123,0.2,1,3.5,8.7,0,0.215,0.0172,0.215,0,1.4,120000,0.069,0.09,0.033,,
124,0.2,1,3.5,6.9,0,0.18,0.0155,0.18,0,1.2,100000,0.057,0.074,0.019,,
125,0.2,1,3.5,6.9,0,0.18,0.0155,0.18,0,1.2,100000,0.057,0.074,0.024,,
126,0.2,1,3.5,6.4,0,0.17,0.015,0.17,0,1.1,90000,0.054,0.07,0.0037,,
127,0.2,1,3.5,5.6,0,0.152,0.014,0.152,0,0.98,80000,0.049,0.061,0.0093,,
128,0.2,1,3.5,12,0,0.3,0.0201,0.3,0,0.68,460000,0.096,0.125,0.016,,
129,0.2,1,3.5,8.7,0,0.215,0.0172,0.215,0,0.49,330000,0.069,0.09,0.012,,
130,0.2,1,3.5,6.9,0,0.18,0.0155,0.18,0,0.41,275000,0.057,0.074,0.005,,
131,0.2,1,3.5,6.4,0,0.17,0.015,0.17,0,0.38,260000,0.054,0.07,0.002,,
132,0.16,0.09,2.5,0.16,0,0.157,0.0124,0.157,0,4.36,14130,0.106,0.060,0.06,"Equilibrium scour depth at offshore monopile foundation 
in combined waves and current 
QI WenGang & GAO FuPing (2014)",
133,0.16,0.09,3.13,0.16,0,0.231,0.0182,0.231,0,8.02,20790,0.157,0.129,0.11,,
134,0.16,0.03,3.23,0.16,0,0.242,0.0191,0.242,0,26.02,7260,0.284,0.142,0.83,,
135,0.16,0.055,3.33,0.16,0,0.177,0.0139,0.177,0,10.73,9735,0.154,0.076,0.1,,
136,0.2,0.032,3.33,0.16,0,0.177,0.0139,0.177,0,18.44,5664,0.201,0.061,0.36,,
137,0.2,0.032,3.33,0.16,0,0.177,0.0139,0.177,0,18.44,5664,0.201,0.061,0.29,,
138,0.2,0.032,3.33,0.16,0.03,0.177,0.0163,0.207,0.14,18.44,6624,0.255,0.083,0.5,,
139,0.2,0.055,3.33,0.16,0.04,0.177,0.0171,0.217,0.17,10.73,11935,0.201,0.091,0.28,,
140,0.2,0.032,3.33,0.16,0.06,0.177,0.0187,0.237,0.26,18.44,7584,0.312,0.109,0.6,,
141,0.2,0.055,3.33,0.16,0.08,0.177,0.0202,0.257,0.31,10.73,14135,0.263,0.128,0.49,,
142,0.16,0.09,2.5,0.16,0.08,0.157,0.0187,0.237,0.35,4.36,21330,0.195,0.136,0.11,,
143,0.16,0.03,3.23,0.16,0.1,0.242,0.0269,0.342,0.29,26.02,10260,0.469,0.283,1.33,,
144,0.16,0.09,3.13,0.16,0.13,0.231,0.0284,0.361,0.36,8.02,32490,0.295,0.316,0.5,,
145,0.2,0.032,3.33,0.16,0.15,0.177,0.0257,0.327,0.46,18.44,10464,0.469,0.207,1.13,,
146,0.16,0.09,2.5,0.16,0.16,0.157,0.0250,0.317,0.5,4.36,28530,0.277,0.244,0.56,,
147,0.2,0.055,3.33,0.16,0.17,0.177,0.0273,0.347,0.49,10.73,19085,0.385,0.233,0.65,,
148,0.16,0.03,3.23,0.16,0.18,0.242,0.0332,0.422,0.42,26.02,12660,0.607,0.432,1.5,,
149,0.16,0.09,3.13,0.16,0.22,0.231,0.0355,0.451,0.49,8.02,40590,0.394,0.493,0.78,,
150,0.2,0.032,3.33,0.16,0.27,0.177,0.0352,0.447,0.6,18.44,14304,0.682,0.387,1.53,,
151,0.16,0.09,2.5,0.16,0.27,0.157,0.0336,0.427,0.63,4.36,38430,0.394,0.442,0.83,,
152,0.16,0.03,3.23,0.16,0.3,0.242,0.0427,0.542,0.55,26.02,16260,0.828,0.712,1.67,,
153,0.16,0.03,3.13,0.16,0.3,0,0.0236,0.3,1,- ,9000,0.544,0.218,2,,
154,0.2,0.055,3.33,0.16,0.36,0.177,0.0423,0.537,0.67,10.73,29535,0.644,0.559,1.13,,
155,0.16,0.09,3.13,0.16,0.39,0.231,0.0489,0.621,0.63,8.02,55890,0.572,0.935,1.06,,
156,0.16,0.09,3.13,0.16,0.39,0,0.0307,0.39,1,- ,35100,0.415,0.369,1.21,,
157,0.2,0.032,3.33,0.16,0.5,0.177,0.0533,0.677,0.74,18.44,21664,1.094,0.889,1.51,,
158,0.2,0.055,3.33,0.16,0.6,0.177,0.0612,0.777,0.77,10.73,42735,0.971,1.170,1.25,,
159,0.17,0.04,2.5,0.16,0.09,0.124,0.0169,0.214,0.421,7.75,8560,0.27,0.104,0.69,,
160,0.17,0.04,4,0.16,0.302,0.155,0.0360,0.457,0.661,15.5,18280,0.64,0.476,1.43,,
161,0.17,0.04,4,0.16,0.156,0.155,0.0245,0.311,0.502,15.5,12440,0.41,0.221,1.13,,
162,0.17,0.04,4,0.16,0.09,0.155,0.0193,0.245,0.367,15.5,9800,0.3,0.137,0.9,,
163,0.17,0.04,1.5,0.16,0.302,0.202,0.0397,0.504,0.599,7.54,20160,0.69,0.579,1.21,,
164,0.17,0.04,4,0.16,0.302,0.198,0.0394,0.5,0.604,19.8,20000,0.68,0.570,1.41,,
165,0.17,0.04,4,0.16,0.302,0.155,0.0360,0.457,0.661,15.5,18280,0.64,0.476,1.45,,
166,0.17,0.04,2.5,0.16,0.302,0.175,0.0376,0.477,0.633,10.94,19080,0.66,0.519,1.31,,
167,0.17,0.04,2.5,0.16,0.302,0.127,0.0338,0.429,0.704,7.94,17160,0.61,0.420,1.44,,
168,0.17,0.04,2.5,0.16,0.156,0.175,0.0261,0.331,0.471,10.94,13240,0.43,0.250,1.1,,
169,0.17,0.04,4,0.16,0.156,0.198,0.0279,0.354,0.441,19.8,14160,0.45,0.286,1.12,,
170,0.17,0.04,4,0.16,0.156,0.155,0.0245,0.311,0.502,15.5,12440,0.41,0.221,1.23,,
171,0.17,0.04,2.5,0.16,0.156,0.127,0.0223,0.283,0.551,7.94,11320,0.38,0.183,1.13,,
172,0.17,0.04,4,0.16,0.09,0.198,0.0227,0.288,0.313,19.8,11520,0.35,0.189,0.82,,
173,0.17,0.04,4,0.16,0.09,0.155,0.0193,0.245,0.367,15.5,9800,0.3,0.137,1,,
174,0.17,0.04,2.5,0.16,0.09,0.175,0.0209,0.265,0.340,10.94,10600,0.32,0.160,0.83,,
175,0.17,0.04,2.5,0.16,0.09,0.127,0.0171,0.217,0.415,7.94,8680,0.27,0.107,0.75,,
176,0.17,0.04,1.5,0.16,0.159,0.105,0.0208,0.264,0.602,3.92,10560,0.36,0.159,0.85,,
177,0.17,0.04,2.5,0.16,0.159,0.16,0.0251,0.319,0.498,10,12760,0.42,0.232,1.03,,
178,0.17,0.04,2.5,0.16,0.09,0.16,0.0197,0.25,0.360,10,10000,0.31,0.143,0.82,,
179,0.17,0.04,2.5,0.16,0.302,0.16,0.0364,0.462,0.654,10,18480,0.65,0.487,1.3,,
180,0.403,0.05,1,0.00,0.206,0.000,0.0092,0.206,1,0,10300,0.29,0.013,0.88,"Experimental study of local scour around inclined piles 
in combined waves and current ",
181,0.403,0.05,1,0.04,0.206,0.048,0.0114,0.254,0.81,0.95,12716,0.34,0.02,1.01,,
182,0.403,0.05,1,0.07,0.206,0.084,0.0134,0.290,0.71,1.67,14507,0.37,0.028,1.15,,
183,0.403,0.05,1,0.10,0.206,0.121,0.0156,0.327,0.63,2.39,16349,0.4,0.038,1.1,,
184,0.403,0.05,1,0.00,0.18,0.000,0.0080,0.180,1,0,9000,0.26,0.01,0.74,,
185,0.403,0.05,1,0.04,0.18,0.048,0.0105,0.228,0.79,0.95,11392,0.3,0.017,1.02,,
186,0.403,0.05,1,0.07,0.18,0.085,0.0127,0.265,0.68,1.67,13235,0.33,0.025,1.1,,
187,0.403,0.05,1,0.10,0.18,0.120,0.0150,0.300,0.6,2.39,15000,0.37,0.035,1.08,,
188,0.403,0.05,1,0.00,0.206,0.000,0.0092,0.206,1,0,10300,0.29,0.013,0.96,,
189,0.403,0.05,1,0.04,0.206,0.048,0.0114,0.254,0.81,0.95,12716,0.34,0.02,1.16,,
190,0.403,0.05,1,0.07,0.206,0.084,0.0134,0.290,0.71,1.67,14507,0.37,0.028,1.25,,
191,0.403,0.05,1,0.10,0.206,0.121,0.0156,0.327,0.63,2.39,16349,0.4,0.038,1.23,,
192,0.403,0.05,1,0.00,0.24,0.000,0.0105,0.240,1,0,12000,0.34,0.017,1.13,,
193,0.403,0.05,1,0.04,0.24,0.049,0.0124,0.289,0.83,0.95,14458,0.39,0.024,1.38,,
194,0.403,0.05,1,0.07,0.24,0.084,0.0144,0.324,0.74,1.67,16216,0.42,0.032,1.53,,
195,0.403,0.05,1,0.10,0.24,0.118,0.0165,0.358,0.67,2.39,17910,0.45,0.042,1.26,,
196,0.403,0.05,1,0.00,0.206,0.000,0.0092,0.206,1,0,10300,0.29,0.013,1.08,,
197,0.403,0.05,1,0.04,0.206,0.048,0.0114,0.254,0.81,0.95,12716,0.34,0.02,1.19,,
198,0.403,0.05,1,0.07,0.206,0.084,0.0134,0.290,0.71,1.67,14507,0.37,0.028,1.29,,
199,0.403,0.05,1,0.10,0.206,0.121,0.0156,0.327,0.63,2.39,16349,0.4,0.038,1.06,,
200,0.403,0.05,1,0.00,0.206,0.000,0.0092,0.206,1,0,10300,0.29,0.013,1.12,,
201,0.403,0.05,1,0.04,0.206,0.048,0.0114,0.254,0.81,0.95,12716,0.34,0.02,1.23,,
202,0.403,0.05,1,0.07,0.206,0.084,0.0134,0.290,0.71,1.67,14507,0.37,0.028,1.31,,
203,0.403,0.05,1,0.10,0.206,0.121,0.0156,0.327,0.63,2.39,16349,0.4,0.038,1,,
204,0.403,0.05,1,0.07,0.18,0.085,0.0127,0.265,0.68,1.67,13235,0.33,0.025,1.14,,
205,0.403,0.05,1,0.00,0.206,0.000,0.0092,0.206,1,0,10300,0.29,0.013,0.98,,
206,0.403,0.05,1,0.04,0.206,0.048,0.0114,0.254,0.81,0.95,12716,0.34,0.02,1.08,,
207,0.403,0.05,1,0.07,0.206,0.084,0.0134,0.290,0.71,1.67,14507,0.37,0.028,1.15,,
208,0.403,0.05,1,0.10,0.206,0.121,0.0156,0.327,0.63,2.39,16349,0.4,0.038,0.85,,
209,0.403,0.05,1,0.00,0.18,0.000,0.0080,0.180,1,0,9000,0.26,0.01,0.55,,
210,0.403,0.05,1,0.04,0.18,0.048,0.0105,0.228,0.79,0.95,11392,0.3,0.017,0.71,,
211,0.403,0.05,1,0.07,0.18,0.085,0.0127,0.265,0.68,1.67,13235,0.33,0.025,0.76,,
212,0.403,0.05,1,0.10,0.18,0.120,0.0150,0.300,0.6,2.39,15000,0.37,0.035,0.63,,
213,0.403,0.05,1,0.00,0.206,0.000,0.0092,0.206,1,0,10300,0.29,0.013,0.85,,
214,0.403,0.05,1,0.04,0.206,0.048,0.0114,0.254,0.81,0.95,12716,0.34,0.02,0.88,,
215,0.403,0.05,1,0.07,0.206,0.084,0.0134,0.290,0.71,1.67,14507,0.37,0.028,0.94,,
216,0.403,0.05,1,0.10,0.206,0.121,0.0156,0.327,0.63,2.39,16349,0.4,0.038,0.69,,
217,0.403,0.05,1,0.00,0.24,0.000,0.0105,0.240,1,0,12000,0.34,0.017,0.92,,
218,0.403,0.05,1,0.04,0.24,0.049,0.0124,0.289,0.83,0.95,14458,0.39,0.024,0.99,,
219,0.403,0.05,1,0.07,0.24,0.084,0.0144,0.324,0.74,1.67,16216,0.42,0.032,1.02,,
220,0.403,0.05,1,0.10,0.24,0.118,0.0165,0.358,0.67,2.39,17910,0.45,0.042,0.71,,
221,0.403,0.05,1,0.00,0.206,0.000,0.0092,0.206,1,0,10300,0.29,0.013,0.7,,
222,0.403,0.05,1,0.04,0.206,0.048,0.0114,0.254,0.81,0.95,12716,0.34,0.02,0.74,,
223,0.403,0.05,1,0.07,0.206,0.084,0.0134,0.290,0.71,1.67,14507,0.37,0.028,0.83,,
224,0.403,0.05,1,0.10,0.206,0.121,0.0156,0.327,0.63,2.39,16349,0.4,0.038,0.64,,
225,0.2,0.04,1.64,0.12,0,0.301,0.022,0.301,0,12.3,"12,040",0.48,0.15,0.25,"Dey S., Sumer M., Fredsoe J. 
Control of scour at vertical circular piles under waves and current. Journal of Hydraulic Engineering 2006; 132(3): 270-279",
226,0.2,0.04,1.86,0.12,0,0.315,0.023,0.315,0,14.6,"12,600",0.50,0.157,0.27,,
227,0.2,0.04,2.05,0.12,0,0.323,0.023,0.323,0,16.6,"12,920",0.52,0.16,0.30,,
228,0.2,0.04,2.35,0.12,0,0.305,0.021,0.305,0,17.9,"12,200",0.49,0.14,0.46,,
229,0.2,0.04,2.6,0.12,0,0.31,0.021,0.310,0,20.1,"12,400",0.49,0.14,0.53,,
230,0.2,0.04,2.97,0.12,0,0.325,0.022,0.325,0,24.1,"13,000",0.52,0.147,0.50,,
231,0.2,0.04,3.08,0.12,0,0.336,0.022,0.336,0,25.9,"13,440",0.54,0.155,0.57,,
232,0.2,0.04,3.38,0.12,0,0.332,0.022,0.332,0,28.1,"13,280",0.53,0.148,0.63,,
233,0.2,0.04,3.61,0.12,0,0.355,0.023,0.355,0,32,"14,200",0.57,0.164,0.66,,
234,0.2,0.04,3.8,0.12,0,0.355,0.023,0.355,0,33.7,"14,200",0.57,0.162,0.80,,
235,0.2,0.06,1.8,0.12,0,0.319,0.022,0.319,0,8.9,"17,880",0.42,0.144,0.07,,
236,0.2,0.06,2.01,0.12,0,0.34,0.023,0.340,0,10.6,"19,140",0.44,0.157,0.14,,
237,0.2,0.06,2.11,0.12,0,0.351,0.024,0.351,0,12,"20,400",0.46,0.174,0.16,,
238,0.2,0.06,2.34,0.12,0,0.343,0.024,0.343,0,13.7,"21,060",0.45,0.179,0.20,,
239,0.2,0.06,2.72,0.12,0,0.341,0.023,0.341,0,15.5,"20,580",0.44,0.166,0.28,,
240,0.2,0.06,2.92,0.12,0,0.338,0.023,0.338,0,16.6,"20,460",0.44,0.161,0.33,,
241,0.2,0.06,3.12,0.12,0,0.378,0.023,0.378,0,17.6,"20,280",0.49,0.156,0.37,,
242,0.2,0.06,3.33,0.12,0,0.338,0.025,0.338,0,21,"22,680",0.44,0.187,0.47,,
243,0.2,0.06,3.8,0.12,0,0.388,0.022,0.388,0,21.4,"20,280",0.51,0.148,0.48,,
244,0.2,0.06,3.61,0.12,0,38.8,0.025,38.800,0,23.3,"23,280",50.57,0.191,0.50,,
245,0.26,0.04,1.52,0.12,0,0.289,0.0214,0.289,0,11,11560,0.46,0.142,0.20,,
246,0.26,0.04,1.71,0.12,0,0.298,0.0217,0.298,0,12.7,11920,0.48,0.145,0.24,,
247,0.26,0.04,1.93,0.12,0,0.321,0.0228,0.321,0,15.5,12840,0.51,0.161,0.33,,
248,0.26,0.04,2.18,0.12,0,0.322,0.0225,0.322,0,17.5,12880,0.51,0.157,0.41,,
249,0.26,0.04,2.49,0.12,0,0.311,0.0215,0.311,0,19.4,12440,0.50,0.143,0.40,,
250,0.26,0.04,2.73,0.12,0,0.316,0.0215,0.316,0,21.6,12640,0.50,0.143,0.45,,
251,0.26,0.04,2.89,0.12,0,0.342,0.0229,0.342,0,24.7,13680,0.55,0.162,0.55,,
252,0.26,0.04,3.23,0.12,0,0.352,0.0232,0.352,0,28.4,14080,0.56,0.166,0.61,,
253,0.26,0.04,3.46,0.12,0,0.352,0.023,0.352,0,30.4,14080,0.56,0.163,0.72,,
254,0.26,0.04,3.72,0.12,0,0.357,0.0231,0.357,0,33.2,14280,0.57,0.164,0.78,,
255,0.26,0.04,3.84,0.12,0,0.352,0.0227,0.352,0,33.8,14080,0.56,0.159,0.84,,
256,0.26,0.06,1.61,0.12,0,0.31,0.0226,0.310,0,8.3,18600,0.40,0.187,0.27,,
257,0.26,0.06,1.93,0.12,0,0.312,0.0222,0.312,0,10,18720,0.41,0.153,0.32,,
258,0.26,0.06,2.19,0.12,0,0.312,0.0219,0.312,0,11.4,18720,0.41,0.148,0.37,,
259,0.26,0.06,2.21,0.12,0,0.351,0.0242,0.351,0,12.9,21060,0.46,0.182,0.37,,
260,0.26,0.06,2.56,0.12,0,0.339,0.0231,0.339,0,14.5,20340,0.44,0.165,0.43,,
261,0.26,0.06,2.8,0.12,0,0.348,0.0234,0.348,0,16.2,20880,0.45,0.169,0.47,,
262,0.26,0.06,3.22,0.12,0,0.319,0.0213,0.319,0,17.1,19140,0.42,0.14,0.54,,
263,0.26,0.06,3,0.12,0,0.369,0.0244,0.369,0,18.5,22140,0.48,0.184,0.50,,
264,0.26,0.06,3.61,0.12,0,0.35,0.0227,0.350,0,21.1,21000,0.46,0.16,0.60,,
265,0.26,0.06,3.5,0.12,0,0.381,0.0246,0.381,0,22.2,22860,0.50,0.187,0.58,,
,,,,,,,,,,,,,,,,
,,,,,,,,,,,,,,,,
